Symbol Name,Reference,Value,Footprint,Datasheet,Description,Manufacturer,MPN,Series,Trustedparts Search,Color,Pitch (mm),Pin Count,Mounting Angle,Current Rating (A),Voltage Rating (V),Mounting Style,Contact Plating
J_TBP02R1-381-02BE,J,TBP02R1-381-02BE,connector_footprints:TBP02R1-381-02BE,https://www.sameskydevices.com/product/resource/tbp02r1-381.pdf,"Same Sky TBP02R1-381 series,  2 positions connector,  3.81 mm pitch,  Blue,  Vertical mounting,  8.0 A,  300 V,  Through Hole,  Tin plated",Same Sky,TBP02R1-381-02BE,TBP02R1-381,https://www.trustedparts.com/en/search/TBP02R1-381-02BE,Blue,3.81,2,Vertical,8.0,300,Through Hole,Tin
J_TBP02R1-381-03BE,J,TBP02R1-381-03BE,connector_footprints:TBP02R1-381-03BE,https://www.sameskydevices.com/product/resource/tbp02r1-381.pdf,"Same Sky TBP02R1-381 series,  3 positions connector,  3.81 mm pitch,  Blue,  Vertical mounting,  8.0 A,  300 V,  Through Hole,  Tin plated",Same Sky,TBP02R1-381-03BE,TBP02R1-381,https://www.trustedparts.com/en/search/TBP02R1-381-03BE,Blue,3.81,3,Vertical,8.0,300,Through Hole,Tin
J_TBP02R1-381-04BE,J,TBP02R1-381-04BE,connector_footprints:TBP02R1-381-04BE,https://www.sameskydevices.com/product/resource/tbp02r1-381.pdf,"Same Sky TBP02R1-381 series,  4 positions connector,  3.81 mm pitch,  Blue,  Vertical mounting,  8.0 A,  300 V,  Through Hole,  Tin plated",Same Sky,TBP02R1-381-04BE,TBP02R1-381,https://www.trustedparts.com/en/search/TBP02R1-381-04BE,Blue,3.81,4,Vertical,8.0,300,Through Hole,Tin
J_TBP02R1-381-05BE,J,TBP02R1-381-05BE,connector_footprints:TBP02R1-381-05BE,https://www.sameskydevices.com/product/resource/tbp02r1-381.pdf,"Same Sky TBP02R1-381 series,  5 positions connector,  3.81 mm pitch,  Blue,  Vertical mounting,  8.0 A,  300 V,  Through Hole,  Tin plated",Same Sky,TBP02R1-381-05BE,TBP02R1-381,https://www.trustedparts.com/en/search/TBP02R1-381-05BE,Blue,3.81,5,Vertical,8.0,300,Through Hole,Tin
J_TBP02R1-381-06BE,J,TBP02R1-381-06BE,connector_footprints:TBP02R1-381-06BE,https://www.sameskydevices.com/product/resource/tbp02r1-381.pdf,"Same Sky TBP02R1-381 series,  6 positions connector,  3.81 mm pitch,  Blue,  Vertical mounting,  8.0 A,  300 V,  Through Hole,  Tin plated",Same Sky,TBP02R1-381-06BE,TBP02R1-381,https://www.trustedparts.com/en/search/TBP02R1-381-06BE,Blue,3.81,6,Vertical,8.0,300,Through Hole,Tin
J_TBP02R1-381-07BE,J,TBP02R1-381-07BE,connector_footprints:TBP02R1-381-07BE,https://www.sameskydevices.com/product/resource/tbp02r1-381.pdf,"Same Sky TBP02R1-381 series,  7 positions connector,  3.81 mm pitch,  Blue,  Vertical mounting,  8.0 A,  300 V,  Through Hole,  Tin plated",Same Sky,TBP02R1-381-07BE,TBP02R1-381,https://www.trustedparts.com/en/search/TBP02R1-381-07BE,Blue,3.81,7,Vertical,8.0,300,Through Hole,Tin
J_TBP02R1-381-08BE,J,TBP02R1-381-08BE,connector_footprints:TBP02R1-381-08BE,https://www.sameskydevices.com/product/resource/tbp02r1-381.pdf,"Same Sky TBP02R1-381 series,  8 positions connector,  3.81 mm pitch,  Blue,  Vertical mounting,  8.0 A,  300 V,  Through Hole,  Tin plated",Same Sky,TBP02R1-381-08BE,TBP02R1-381,https://www.trustedparts.com/en/search/TBP02R1-381-08BE,Blue,3.81,8,Vertical,8.0,300,Through Hole,Tin
J_TBP02R1-381-09BE,J,TBP02R1-381-09BE,connector_footprints:TBP02R1-381-09BE,https://www.sameskydevices.com/product/resource/tbp02r1-381.pdf,"Same Sky TBP02R1-381 series,  9 positions connector,  3.81 mm pitch,  Blue,  Vertical mounting,  8.0 A,  300 V,  Through Hole,  Tin plated",Same Sky,TBP02R1-381-09BE,TBP02R1-381,https://www.trustedparts.com/en/search/TBP02R1-381-09BE,Blue,3.81,9,Vertical,8.0,300,Through Hole,Tin
J_TBP02R1-381-10BE,J,TBP02R1-381-10BE,connector_footprints:TBP02R1-381-10BE,https://www.sameskydevices.com/product/resource/tbp02r1-381.pdf,"Same Sky TBP02R1-381 series,  10 positions connector,  3.81 mm pitch,  Blue,  Vertical mounting,  8.0 A,  300 V,  Through Hole,  Tin plated",Same Sky,TBP02R1-381-10BE,TBP02R1-381,https://www.trustedparts.com/en/search/TBP02R1-381-10BE,Blue,3.81,10,Vertical,8.0,300,Through Hole,Tin
J_TBP02R1-381-12BE,J,TBP02R1-381-12BE,connector_footprints:TBP02R1-381-12BE,https://www.sameskydevices.com/product/resource/tbp02r1-381.pdf,"Same Sky TBP02R1-381 series,  12 positions connector,  3.81 mm pitch,  Blue,  Vertical mounting,  8.0 A,  300 V,  Through Hole,  Tin plated",Same Sky,TBP02R1-381-12BE,TBP02R1-381,https://www.trustedparts.com/en/search/TBP02R1-381-12BE,Blue,3.81,12,Vertical,8.0,300,Through Hole,Tin
J_TBP02R1-381-14BE,J,TBP02R1-381-14BE,connector_footprints:TBP02R1-381-14BE,https://www.sameskydevices.com/product/resource/tbp02r1-381.pdf,"Same Sky TBP02R1-381 series,  14 positions connector,  3.81 mm pitch,  Blue,  Vertical mounting,  8.0 A,  300 V,  Through Hole,  Tin plated",Same Sky,TBP02R1-381-14BE,TBP02R1-381,https://www.trustedparts.com/en/search/TBP02R1-381-14BE,Blue,3.81,14,Vertical,8.0,300,Through Hole,Tin
J_TBP02R1-381-16BE,J,TBP02R1-381-16BE,connector_footprints:TBP02R1-381-16BE,https://www.sameskydevices.com/product/resource/tbp02r1-381.pdf,"Same Sky TBP02R1-381 series,  16 positions connector,  3.81 mm pitch,  Blue,  Vertical mounting,  8.0 A,  300 V,  Through Hole,  Tin plated",Same Sky,TBP02R1-381-16BE,TBP02R1-381,https://www.trustedparts.com/en/search/TBP02R1-381-16BE,Blue,3.81,16,Vertical,8.0,300,Through Hole,Tin
J_TBP02R2-381-02BE,J,TBP02R2-381-02BE,connector_footprints:TBP02R2-381-02BE,https://www.sameskydevices.com/product/resource/tbp02r2-381.pdf,"Same Sky TBP02R2-381 series,  2 positions connector,  3.81 mm pitch,  Blue,  Vertical mounting,  8.0 A,  300 V,  Through Hole,  Tin plated",Same Sky,TBP02R2-381-02BE,TBP02R2-381,https://www.trustedparts.com/en/search/TBP02R2-381-02BE,Blue,3.81,2,Vertical,8.0,300,Through Hole,Tin
J_TBP02R2-381-03BE,J,TBP02R2-381-03BE,connector_footprints:TBP02R2-381-03BE,https://www.sameskydevices.com/product/resource/tbp02r2-381.pdf,"Same Sky TBP02R2-381 series,  3 positions connector,  3.81 mm pitch,  Blue,  Vertical mounting,  8.0 A,  300 V,  Through Hole,  Tin plated",Same Sky,TBP02R2-381-03BE,TBP02R2-381,https://www.trustedparts.com/en/search/TBP02R2-381-03BE,Blue,3.81,3,Vertical,8.0,300,Through Hole,Tin
J_TBP02R2-381-04BE,J,TBP02R2-381-04BE,connector_footprints:TBP02R2-381-04BE,https://www.sameskydevices.com/product/resource/tbp02r2-381.pdf,"Same Sky TBP02R2-381 series,  4 positions connector,  3.81 mm pitch,  Blue,  Vertical mounting,  8.0 A,  300 V,  Through Hole,  Tin plated",Same Sky,TBP02R2-381-04BE,TBP02R2-381,https://www.trustedparts.com/en/search/TBP02R2-381-04BE,Blue,3.81,4,Vertical,8.0,300,Through Hole,Tin
J_TBP02R2-381-05BE,J,TBP02R2-381-05BE,connector_footprints:TBP02R2-381-05BE,https://www.sameskydevices.com/product/resource/tbp02r2-381.pdf,"Same Sky TBP02R2-381 series,  5 positions connector,  3.81 mm pitch,  Blue,  Vertical mounting,  8.0 A,  300 V,  Through Hole,  Tin plated",Same Sky,TBP02R2-381-05BE,TBP02R2-381,https://www.trustedparts.com/en/search/TBP02R2-381-05BE,Blue,3.81,5,Vertical,8.0,300,Through Hole,Tin
J_TBP02R2-381-06BE,J,TBP02R2-381-06BE,connector_footprints:TBP02R2-381-06BE,https://www.sameskydevices.com/product/resource/tbp02r2-381.pdf,"Same Sky TBP02R2-381 series,  6 positions connector,  3.81 mm pitch,  Blue,  Vertical mounting,  8.0 A,  300 V,  Through Hole,  Tin plated",Same Sky,TBP02R2-381-06BE,TBP02R2-381,https://www.trustedparts.com/en/search/TBP02R2-381-06BE,Blue,3.81,6,Vertical,8.0,300,Through Hole,Tin
J_TBP02R2-381-07BE,J,TBP02R2-381-07BE,connector_footprints:TBP02R2-381-07BE,https://www.sameskydevices.com/product/resource/tbp02r2-381.pdf,"Same Sky TBP02R2-381 series,  7 positions connector,  3.81 mm pitch,  Blue,  Vertical mounting,  8.0 A,  300 V,  Through Hole,  Tin plated",Same Sky,TBP02R2-381-07BE,TBP02R2-381,https://www.trustedparts.com/en/search/TBP02R2-381-07BE,Blue,3.81,7,Vertical,8.0,300,Through Hole,Tin
J_TBP02R2-381-08BE,J,TBP02R2-381-08BE,connector_footprints:TBP02R2-381-08BE,https://www.sameskydevices.com/product/resource/tbp02r2-381.pdf,"Same Sky TBP02R2-381 series,  8 positions connector,  3.81 mm pitch,  Blue,  Vertical mounting,  8.0 A,  300 V,  Through Hole,  Tin plated",Same Sky,TBP02R2-381-08BE,TBP02R2-381,https://www.trustedparts.com/en/search/TBP02R2-381-08BE,Blue,3.81,8,Vertical,8.0,300,Through Hole,Tin
J_TBP02R2-381-09BE,J,TBP02R2-381-09BE,connector_footprints:TBP02R2-381-09BE,https://www.sameskydevices.com/product/resource/tbp02r2-381.pdf,"Same Sky TBP02R2-381 series,  9 positions connector,  3.81 mm pitch,  Blue,  Vertical mounting,  8.0 A,  300 V,  Through Hole,  Tin plated",Same Sky,TBP02R2-381-09BE,TBP02R2-381,https://www.trustedparts.com/en/search/TBP02R2-381-09BE,Blue,3.81,9,Vertical,8.0,300,Through Hole,Tin
J_TBP02R2-381-10BE,J,TBP02R2-381-10BE,connector_footprints:TBP02R2-381-10BE,https://www.sameskydevices.com/product/resource/tbp02r2-381.pdf,"Same Sky TBP02R2-381 series,  10 positions connector,  3.81 mm pitch,  Blue,  Vertical mounting,  8.0 A,  300 V,  Through Hole,  Tin plated",Same Sky,TBP02R2-381-10BE,TBP02R2-381,https://www.trustedparts.com/en/search/TBP02R2-381-10BE,Blue,3.81,10,Vertical,8.0,300,Through Hole,Tin
J_TBP02R2-381-12BE,J,TBP02R2-381-12BE,connector_footprints:TBP02R2-381-12BE,https://www.sameskydevices.com/product/resource/tbp02r2-381.pdf,"Same Sky TBP02R2-381 series,  12 positions connector,  3.81 mm pitch,  Blue,  Vertical mounting,  8.0 A,  300 V,  Through Hole,  Tin plated",Same Sky,TBP02R2-381-12BE,TBP02R2-381,https://www.trustedparts.com/en/search/TBP02R2-381-12BE,Blue,3.81,12,Vertical,8.0,300,Through Hole,Tin
J_TBP02R2-381-14BE,J,TBP02R2-381-14BE,connector_footprints:TBP02R2-381-14BE,https://www.sameskydevices.com/product/resource/tbp02r2-381.pdf,"Same Sky TBP02R2-381 series,  14 positions connector,  3.81 mm pitch,  Blue,  Vertical mounting,  8.0 A,  300 V,  Through Hole,  Tin plated",Same Sky,TBP02R2-381-14BE,TBP02R2-381,https://www.trustedparts.com/en/search/TBP02R2-381-14BE,Blue,3.81,14,Vertical,8.0,300,Through Hole,Tin
J_TBP02R2-381-16BE,J,TBP02R2-381-16BE,connector_footprints:TBP02R2-381-16BE,https://www.sameskydevices.com/product/resource/tbp02r2-381.pdf,"Same Sky TBP02R2-381 series,  16 positions connector,  3.81 mm pitch,  Blue,  Vertical mounting,  8.0 A,  300 V,  Through Hole,  Tin plated",Same Sky,TBP02R2-381-16BE,TBP02R2-381,https://www.trustedparts.com/en/search/TBP02R2-381-16BE,Blue,3.81,16,Vertical,8.0,300,Through Hole,Tin
J_TBP04R1-500-02BE,J,TBP04R1-500-02BE,connector_footprints:TBP04R1-500-02BE,https://www.sameskydevices.com/product/resource/tbp04r1-500.pdf,"Same Sky TBP04R1-500 series,  2 positions connector,  5.0 mm pitch,  Blue,  Vertical mounting,  15.0 A,  300 V,  Through Hole,  Tin plated",Same Sky,TBP04R1-500-02BE,TBP04R1-500,https://www.trustedparts.com/en/search/TBP04R1-500-02BE,Blue,5.0,2,Vertical,15.0,300,Through Hole,Tin
J_TBP04R1-500-03BE,J,TBP04R1-500-03BE,connector_footprints:TBP04R1-500-03BE,https://www.sameskydevices.com/product/resource/tbp04r1-500.pdf,"Same Sky TBP04R1-500 series,  3 positions connector,  5.0 mm pitch,  Blue,  Vertical mounting,  15.0 A,  300 V,  Through Hole,  Tin plated",Same Sky,TBP04R1-500-03BE,TBP04R1-500,https://www.trustedparts.com/en/search/TBP04R1-500-03BE,Blue,5.0,3,Vertical,15.0,300,Through Hole,Tin
J_TBP04R1-500-04BE,J,TBP04R1-500-04BE,connector_footprints:TBP04R1-500-04BE,https://www.sameskydevices.com/product/resource/tbp04r1-500.pdf,"Same Sky TBP04R1-500 series,  4 positions connector,  5.0 mm pitch,  Blue,  Vertical mounting,  15.0 A,  300 V,  Through Hole,  Tin plated",Same Sky,TBP04R1-500-04BE,TBP04R1-500,https://www.trustedparts.com/en/search/TBP04R1-500-04BE,Blue,5.0,4,Vertical,15.0,300,Through Hole,Tin
J_TBP04R1-500-05BE,J,TBP04R1-500-05BE,connector_footprints:TBP04R1-500-05BE,https://www.sameskydevices.com/product/resource/tbp04r1-500.pdf,"Same Sky TBP04R1-500 series,  5 positions connector,  5.0 mm pitch,  Blue,  Vertical mounting,  15.0 A,  300 V,  Through Hole,  Tin plated",Same Sky,TBP04R1-500-05BE,TBP04R1-500,https://www.trustedparts.com/en/search/TBP04R1-500-05BE,Blue,5.0,5,Vertical,15.0,300,Through Hole,Tin
J_TBP04R1-500-06BE,J,TBP04R1-500-06BE,connector_footprints:TBP04R1-500-06BE,https://www.sameskydevices.com/product/resource/tbp04r1-500.pdf,"Same Sky TBP04R1-500 series,  6 positions connector,  5.0 mm pitch,  Blue,  Vertical mounting,  15.0 A,  300 V,  Through Hole,  Tin plated",Same Sky,TBP04R1-500-06BE,TBP04R1-500,https://www.trustedparts.com/en/search/TBP04R1-500-06BE,Blue,5.0,6,Vertical,15.0,300,Through Hole,Tin
J_TBP04R1-500-07BE,J,TBP04R1-500-07BE,connector_footprints:TBP04R1-500-07BE,https://www.sameskydevices.com/product/resource/tbp04r1-500.pdf,"Same Sky TBP04R1-500 series,  7 positions connector,  5.0 mm pitch,  Blue,  Vertical mounting,  15.0 A,  300 V,  Through Hole,  Tin plated",Same Sky,TBP04R1-500-07BE,TBP04R1-500,https://www.trustedparts.com/en/search/TBP04R1-500-07BE,Blue,5.0,7,Vertical,15.0,300,Through Hole,Tin
J_TBP04R1-500-08BE,J,TBP04R1-500-08BE,connector_footprints:TBP04R1-500-08BE,https://www.sameskydevices.com/product/resource/tbp04r1-500.pdf,"Same Sky TBP04R1-500 series,  8 positions connector,  5.0 mm pitch,  Blue,  Vertical mounting,  15.0 A,  300 V,  Through Hole,  Tin plated",Same Sky,TBP04R1-500-08BE,TBP04R1-500,https://www.trustedparts.com/en/search/TBP04R1-500-08BE,Blue,5.0,8,Vertical,15.0,300,Through Hole,Tin
J_TBP04R1-500-09BE,J,TBP04R1-500-09BE,connector_footprints:TBP04R1-500-09BE,https://www.sameskydevices.com/product/resource/tbp04r1-500.pdf,"Same Sky TBP04R1-500 series,  9 positions connector,  5.0 mm pitch,  Blue,  Vertical mounting,  15.0 A,  300 V,  Through Hole,  Tin plated",Same Sky,TBP04R1-500-09BE,TBP04R1-500,https://www.trustedparts.com/en/search/TBP04R1-500-09BE,Blue,5.0,9,Vertical,15.0,300,Through Hole,Tin
J_TBP04R1-500-10BE,J,TBP04R1-500-10BE,connector_footprints:TBP04R1-500-10BE,https://www.sameskydevices.com/product/resource/tbp04r1-500.pdf,"Same Sky TBP04R1-500 series,  10 positions connector,  5.0 mm pitch,  Blue,  Vertical mounting,  15.0 A,  300 V,  Through Hole,  Tin plated",Same Sky,TBP04R1-500-10BE,TBP04R1-500,https://www.trustedparts.com/en/search/TBP04R1-500-10BE,Blue,5.0,10,Vertical,15.0,300,Through Hole,Tin
J_TBP04R1-500-11BE,J,TBP04R1-500-11BE,connector_footprints:TBP04R1-500-11BE,https://www.sameskydevices.com/product/resource/tbp04r1-500.pdf,"Same Sky TBP04R1-500 series,  11 positions connector,  5.0 mm pitch,  Blue,  Vertical mounting,  15.0 A,  300 V,  Through Hole,  Tin plated",Same Sky,TBP04R1-500-11BE,TBP04R1-500,https://www.trustedparts.com/en/search/TBP04R1-500-11BE,Blue,5.0,11,Vertical,15.0,300,Through Hole,Tin
J_TBP04R1-500-12BE,J,TBP04R1-500-12BE,connector_footprints:TBP04R1-500-12BE,https://www.sameskydevices.com/product/resource/tbp04r1-500.pdf,"Same Sky TBP04R1-500 series,  12 positions connector,  5.0 mm pitch,  Blue,  Vertical mounting,  15.0 A,  300 V,  Through Hole,  Tin plated",Same Sky,TBP04R1-500-12BE,TBP04R1-500,https://www.trustedparts.com/en/search/TBP04R1-500-12BE,Blue,5.0,12,Vertical,15.0,300,Through Hole,Tin
J_TBP04R12-500-02BE,J,TBP04R12-500-02BE,connector_footprints:TBP04R12-500-02BE,https://www.sameskydevices.com/product/resource/tbp04r12-500.pdf,"Same Sky TBP04R12-500 series,  2 positions connector,  5.0 mm pitch,  Blue,  Vertical mounting,  15.0 A,  300 V,  Through Hole,  Tin plated",Same Sky,TBP04R12-500-02BE,TBP04R12-500,https://www.trustedparts.com/en/search/TBP04R12-500-02BE,Blue,5.0,2,Vertical,15.0,300,Through Hole,Tin
J_TBP04R12-500-03BE,J,TBP04R12-500-03BE,connector_footprints:TBP04R12-500-03BE,https://www.sameskydevices.com/product/resource/tbp04r12-500.pdf,"Same Sky TBP04R12-500 series,  3 positions connector,  5.0 mm pitch,  Blue,  Vertical mounting,  15.0 A,  300 V,  Through Hole,  Tin plated",Same Sky,TBP04R12-500-03BE,TBP04R12-500,https://www.trustedparts.com/en/search/TBP04R12-500-03BE,Blue,5.0,3,Vertical,15.0,300,Through Hole,Tin
J_TBP04R12-500-04BE,J,TBP04R12-500-04BE,connector_footprints:TBP04R12-500-04BE,https://www.sameskydevices.com/product/resource/tbp04r12-500.pdf,"Same Sky TBP04R12-500 series,  4 positions connector,  5.0 mm pitch,  Blue,  Vertical mounting,  15.0 A,  300 V,  Through Hole,  Tin plated",Same Sky,TBP04R12-500-04BE,TBP04R12-500,https://www.trustedparts.com/en/search/TBP04R12-500-04BE,Blue,5.0,4,Vertical,15.0,300,Through Hole,Tin
J_TBP04R12-500-05BE,J,TBP04R12-500-05BE,connector_footprints:TBP04R12-500-05BE,https://www.sameskydevices.com/product/resource/tbp04r12-500.pdf,"Same Sky TBP04R12-500 series,  5 positions connector,  5.0 mm pitch,  Blue,  Vertical mounting,  15.0 A,  300 V,  Through Hole,  Tin plated",Same Sky,TBP04R12-500-05BE,TBP04R12-500,https://www.trustedparts.com/en/search/TBP04R12-500-05BE,Blue,5.0,5,Vertical,15.0,300,Through Hole,Tin
J_TBP04R12-500-06BE,J,TBP04R12-500-06BE,connector_footprints:TBP04R12-500-06BE,https://www.sameskydevices.com/product/resource/tbp04r12-500.pdf,"Same Sky TBP04R12-500 series,  6 positions connector,  5.0 mm pitch,  Blue,  Vertical mounting,  15.0 A,  300 V,  Through Hole,  Tin plated",Same Sky,TBP04R12-500-06BE,TBP04R12-500,https://www.trustedparts.com/en/search/TBP04R12-500-06BE,Blue,5.0,6,Vertical,15.0,300,Through Hole,Tin
J_TBP04R12-500-07BE,J,TBP04R12-500-07BE,connector_footprints:TBP04R12-500-07BE,https://www.sameskydevices.com/product/resource/tbp04r12-500.pdf,"Same Sky TBP04R12-500 series,  7 positions connector,  5.0 mm pitch,  Blue,  Vertical mounting,  15.0 A,  300 V,  Through Hole,  Tin plated",Same Sky,TBP04R12-500-07BE,TBP04R12-500,https://www.trustedparts.com/en/search/TBP04R12-500-07BE,Blue,5.0,7,Vertical,15.0,300,Through Hole,Tin
J_TBP04R12-500-08BE,J,TBP04R12-500-08BE,connector_footprints:TBP04R12-500-08BE,https://www.sameskydevices.com/product/resource/tbp04r12-500.pdf,"Same Sky TBP04R12-500 series,  8 positions connector,  5.0 mm pitch,  Blue,  Vertical mounting,  15.0 A,  300 V,  Through Hole,  Tin plated",Same Sky,TBP04R12-500-08BE,TBP04R12-500,https://www.trustedparts.com/en/search/TBP04R12-500-08BE,Blue,5.0,8,Vertical,15.0,300,Through Hole,Tin
J_TBP04R12-500-09BE,J,TBP04R12-500-09BE,connector_footprints:TBP04R12-500-09BE,https://www.sameskydevices.com/product/resource/tbp04r12-500.pdf,"Same Sky TBP04R12-500 series,  9 positions connector,  5.0 mm pitch,  Blue,  Vertical mounting,  15.0 A,  300 V,  Through Hole,  Tin plated",Same Sky,TBP04R12-500-09BE,TBP04R12-500,https://www.trustedparts.com/en/search/TBP04R12-500-09BE,Blue,5.0,9,Vertical,15.0,300,Through Hole,Tin
J_TBP04R12-500-10BE,J,TBP04R12-500-10BE,connector_footprints:TBP04R12-500-10BE,https://www.sameskydevices.com/product/resource/tbp04r12-500.pdf,"Same Sky TBP04R12-500 series,  10 positions connector,  5.0 mm pitch,  Blue,  Vertical mounting,  15.0 A,  300 V,  Through Hole,  Tin plated",Same Sky,TBP04R12-500-10BE,TBP04R12-500,https://www.trustedparts.com/en/search/TBP04R12-500-10BE,Blue,5.0,10,Vertical,15.0,300,Through Hole,Tin
J_TBP04R12-500-11BE,J,TBP04R12-500-11BE,connector_footprints:TBP04R12-500-11BE,https://www.sameskydevices.com/product/resource/tbp04r12-500.pdf,"Same Sky TBP04R12-500 series,  11 positions connector,  5.0 mm pitch,  Blue,  Vertical mounting,  15.0 A,  300 V,  Through Hole,  Tin plated",Same Sky,TBP04R12-500-11BE,TBP04R12-500,https://www.trustedparts.com/en/search/TBP04R12-500-11BE,Blue,5.0,11,Vertical,15.0,300,Through Hole,Tin
J_TBP04R12-500-12BE,J,TBP04R12-500-12BE,connector_footprints:TBP04R12-500-12BE,https://www.sameskydevices.com/product/resource/tbp04r12-500.pdf,"Same Sky TBP04R12-500 series,  12 positions connector,  5.0 mm pitch,  Blue,  Vertical mounting,  15.0 A,  300 V,  Through Hole,  Tin plated",Same Sky,TBP04R12-500-12BE,TBP04R12-500,https://www.trustedparts.com/en/search/TBP04R12-500-12BE,Blue,5.0,12,Vertical,15.0,300,Through Hole,Tin
J_TBP04R2-500-02BE,J,TBP04R2-500-02BE,connector_footprints:TBP04R2-500-02BE,https://www.sameskydevices.com/product/resource/tbp04r2-500.pdf,"Same Sky TBP04R2-500 series,  2 positions connector,  5.0 mm pitch,  Blue,  Vertical mounting,  15.0 A,  300 V,  Through Hole,  Tin plated",Same Sky,TBP04R2-500-02BE,TBP04R2-500,https://www.trustedparts.com/en/search/TBP04R2-500-02BE,Blue,5.0,2,Vertical,15.0,300,Through Hole,Tin
J_TBP04R2-500-03BE,J,TBP04R2-500-03BE,connector_footprints:TBP04R2-500-03BE,https://www.sameskydevices.com/product/resource/tbp04r2-500.pdf,"Same Sky TBP04R2-500 series,  3 positions connector,  5.0 mm pitch,  Blue,  Vertical mounting,  15.0 A,  300 V,  Through Hole,  Tin plated",Same Sky,TBP04R2-500-03BE,TBP04R2-500,https://www.trustedparts.com/en/search/TBP04R2-500-03BE,Blue,5.0,3,Vertical,15.0,300,Through Hole,Tin
J_TBP04R2-500-04BE,J,TBP04R2-500-04BE,connector_footprints:TBP04R2-500-04BE,https://www.sameskydevices.com/product/resource/tbp04r2-500.pdf,"Same Sky TBP04R2-500 series,  4 positions connector,  5.0 mm pitch,  Blue,  Vertical mounting,  15.0 A,  300 V,  Through Hole,  Tin plated",Same Sky,TBP04R2-500-04BE,TBP04R2-500,https://www.trustedparts.com/en/search/TBP04R2-500-04BE,Blue,5.0,4,Vertical,15.0,300,Through Hole,Tin
J_TBP04R2-500-05BE,J,TBP04R2-500-05BE,connector_footprints:TBP04R2-500-05BE,https://www.sameskydevices.com/product/resource/tbp04r2-500.pdf,"Same Sky TBP04R2-500 series,  5 positions connector,  5.0 mm pitch,  Blue,  Vertical mounting,  15.0 A,  300 V,  Through Hole,  Tin plated",Same Sky,TBP04R2-500-05BE,TBP04R2-500,https://www.trustedparts.com/en/search/TBP04R2-500-05BE,Blue,5.0,5,Vertical,15.0,300,Through Hole,Tin
J_TBP04R2-500-06BE,J,TBP04R2-500-06BE,connector_footprints:TBP04R2-500-06BE,https://www.sameskydevices.com/product/resource/tbp04r2-500.pdf,"Same Sky TBP04R2-500 series,  6 positions connector,  5.0 mm pitch,  Blue,  Vertical mounting,  15.0 A,  300 V,  Through Hole,  Tin plated",Same Sky,TBP04R2-500-06BE,TBP04R2-500,https://www.trustedparts.com/en/search/TBP04R2-500-06BE,Blue,5.0,6,Vertical,15.0,300,Through Hole,Tin
J_TBP04R2-500-07BE,J,TBP04R2-500-07BE,connector_footprints:TBP04R2-500-07BE,https://www.sameskydevices.com/product/resource/tbp04r2-500.pdf,"Same Sky TBP04R2-500 series,  7 positions connector,  5.0 mm pitch,  Blue,  Vertical mounting,  15.0 A,  300 V,  Through Hole,  Tin plated",Same Sky,TBP04R2-500-07BE,TBP04R2-500,https://www.trustedparts.com/en/search/TBP04R2-500-07BE,Blue,5.0,7,Vertical,15.0,300,Through Hole,Tin
J_TBP04R2-500-08BE,J,TBP04R2-500-08BE,connector_footprints:TBP04R2-500-08BE,https://www.sameskydevices.com/product/resource/tbp04r2-500.pdf,"Same Sky TBP04R2-500 series,  8 positions connector,  5.0 mm pitch,  Blue,  Vertical mounting,  15.0 A,  300 V,  Through Hole,  Tin plated",Same Sky,TBP04R2-500-08BE,TBP04R2-500,https://www.trustedparts.com/en/search/TBP04R2-500-08BE,Blue,5.0,8,Vertical,15.0,300,Through Hole,Tin
J_TBP04R2-500-09BE,J,TBP04R2-500-09BE,connector_footprints:TBP04R2-500-09BE,https://www.sameskydevices.com/product/resource/tbp04r2-500.pdf,"Same Sky TBP04R2-500 series,  9 positions connector,  5.0 mm pitch,  Blue,  Vertical mounting,  15.0 A,  300 V,  Through Hole,  Tin plated",Same Sky,TBP04R2-500-09BE,TBP04R2-500,https://www.trustedparts.com/en/search/TBP04R2-500-09BE,Blue,5.0,9,Vertical,15.0,300,Through Hole,Tin
J_TBP04R2-500-10BE,J,TBP04R2-500-10BE,connector_footprints:TBP04R2-500-10BE,https://www.sameskydevices.com/product/resource/tbp04r2-500.pdf,"Same Sky TBP04R2-500 series,  10 positions connector,  5.0 mm pitch,  Blue,  Vertical mounting,  15.0 A,  300 V,  Through Hole,  Tin plated",Same Sky,TBP04R2-500-10BE,TBP04R2-500,https://www.trustedparts.com/en/search/TBP04R2-500-10BE,Blue,5.0,10,Vertical,15.0,300,Through Hole,Tin
J_TBP04R2-500-11BE,J,TBP04R2-500-11BE,connector_footprints:TBP04R2-500-11BE,https://www.sameskydevices.com/product/resource/tbp04r2-500.pdf,"Same Sky TBP04R2-500 series,  11 positions connector,  5.0 mm pitch,  Blue,  Vertical mounting,  15.0 A,  300 V,  Through Hole,  Tin plated",Same Sky,TBP04R2-500-11BE,TBP04R2-500,https://www.trustedparts.com/en/search/TBP04R2-500-11BE,Blue,5.0,11,Vertical,15.0,300,Through Hole,Tin
J_TBP04R2-500-12BE,J,TBP04R2-500-12BE,connector_footprints:TBP04R2-500-12BE,https://www.sameskydevices.com/product/resource/tbp04r2-500.pdf,"Same Sky TBP04R2-500 series,  12 positions connector,  5.0 mm pitch,  Blue,  Vertical mounting,  15.0 A,  300 V,  Through Hole,  Tin plated",Same Sky,TBP04R2-500-12BE,TBP04R2-500,https://www.trustedparts.com/en/search/TBP04R2-500-12BE,Blue,5.0,12,Vertical,15.0,300,Through Hole,Tin
J_TBP04R3-500-02BE,J,TBP04R3-500-02BE,connector_footprints:TBP04R3-500-02BE,https://www.sameskydevices.com/product/resource/tbp04r3-500.pdf,"Same Sky TBP04R3-500 series,  2 positions connector,  5.0 mm pitch,  Blue,  Vertical mounting,  15.0 A,  300 V,  Through Hole,  Tin plated",Same Sky,TBP04R3-500-02BE,TBP04R3-500,https://www.trustedparts.com/en/search/TBP04R3-500-02BE,Blue,5.0,2,Vertical,15.0,300,Through Hole,Tin
J_TBP04R3-500-03BE,J,TBP04R3-500-03BE,connector_footprints:TBP04R3-500-03BE,https://www.sameskydevices.com/product/resource/tbp04r3-500.pdf,"Same Sky TBP04R3-500 series,  3 positions connector,  5.0 mm pitch,  Blue,  Vertical mounting,  15.0 A,  300 V,  Through Hole,  Tin plated",Same Sky,TBP04R3-500-03BE,TBP04R3-500,https://www.trustedparts.com/en/search/TBP04R3-500-03BE,Blue,5.0,3,Vertical,15.0,300,Through Hole,Tin
J_TBP04R3-500-04BE,J,TBP04R3-500-04BE,connector_footprints:TBP04R3-500-04BE,https://www.sameskydevices.com/product/resource/tbp04r3-500.pdf,"Same Sky TBP04R3-500 series,  4 positions connector,  5.0 mm pitch,  Blue,  Vertical mounting,  15.0 A,  300 V,  Through Hole,  Tin plated",Same Sky,TBP04R3-500-04BE,TBP04R3-500,https://www.trustedparts.com/en/search/TBP04R3-500-04BE,Blue,5.0,4,Vertical,15.0,300,Through Hole,Tin
J_TBP04R3-500-05BE,J,TBP04R3-500-05BE,connector_footprints:TBP04R3-500-05BE,https://www.sameskydevices.com/product/resource/tbp04r3-500.pdf,"Same Sky TBP04R3-500 series,  5 positions connector,  5.0 mm pitch,  Blue,  Vertical mounting,  15.0 A,  300 V,  Through Hole,  Tin plated",Same Sky,TBP04R3-500-05BE,TBP04R3-500,https://www.trustedparts.com/en/search/TBP04R3-500-05BE,Blue,5.0,5,Vertical,15.0,300,Through Hole,Tin
J_TBP04R3-500-06BE,J,TBP04R3-500-06BE,connector_footprints:TBP04R3-500-06BE,https://www.sameskydevices.com/product/resource/tbp04r3-500.pdf,"Same Sky TBP04R3-500 series,  6 positions connector,  5.0 mm pitch,  Blue,  Vertical mounting,  15.0 A,  300 V,  Through Hole,  Tin plated",Same Sky,TBP04R3-500-06BE,TBP04R3-500,https://www.trustedparts.com/en/search/TBP04R3-500-06BE,Blue,5.0,6,Vertical,15.0,300,Through Hole,Tin
J_TB004-508-02BE,J,TB004-508-02BE,connector_footprints:TB004-508-02BE,https://www.sameskydevices.com/product/resource/tb004-508.pdf,"Same Sky TB004-508 series,  2 positions connector,  5.08 mm pitch,  Blue,  Vertical mounting,  16.0 A,  300 V,  Through Hole,  Tin plated",Same Sky,TB004-508-02BE,TB004-508,https://www.trustedparts.com/en/search/TB004-508-02BE,Blue,5.08,2,Vertical,16.0,300,Through Hole,Tin
J_TB004-508-03BE,J,TB004-508-03BE,connector_footprints:TB004-508-03BE,https://www.sameskydevices.com/product/resource/tb004-508.pdf,"Same Sky TB004-508 series,  3 positions connector,  5.08 mm pitch,  Blue,  Vertical mounting,  16.0 A,  300 V,  Through Hole,  Tin plated",Same Sky,TB004-508-03BE,TB004-508,https://www.trustedparts.com/en/search/TB004-508-03BE,Blue,5.08,3,Vertical,16.0,300,Through Hole,Tin
J_TB004-508-04BE,J,TB004-508-04BE,connector_footprints:TB004-508-04BE,https://www.sameskydevices.com/product/resource/tb004-508.pdf,"Same Sky TB004-508 series,  4 positions connector,  5.08 mm pitch,  Blue,  Vertical mounting,  16.0 A,  300 V,  Through Hole,  Tin plated",Same Sky,TB004-508-04BE,TB004-508,https://www.trustedparts.com/en/search/TB004-508-04BE,Blue,5.08,4,Vertical,16.0,300,Through Hole,Tin
J_TB004-508-05BE,J,TB004-508-05BE,connector_footprints:TB004-508-05BE,https://www.sameskydevices.com/product/resource/tb004-508.pdf,"Same Sky TB004-508 series,  5 positions connector,  5.08 mm pitch,  Blue,  Vertical mounting,  16.0 A,  300 V,  Through Hole,  Tin plated",Same Sky,TB004-508-05BE,TB004-508,https://www.trustedparts.com/en/search/TB004-508-05BE,Blue,5.08,5,Vertical,16.0,300,Through Hole,Tin
J_TB004-508-06BE,J,TB004-508-06BE,connector_footprints:TB004-508-06BE,https://www.sameskydevices.com/product/resource/tb004-508.pdf,"Same Sky TB004-508 series,  6 positions connector,  5.08 mm pitch,  Blue,  Vertical mounting,  16.0 A,  300 V,  Through Hole,  Tin plated",Same Sky,TB004-508-06BE,TB004-508,https://www.trustedparts.com/en/search/TB004-508-06BE,Blue,5.08,6,Vertical,16.0,300,Through Hole,Tin
J_TB004-508-07BE,J,TB004-508-07BE,connector_footprints:TB004-508-07BE,https://www.sameskydevices.com/product/resource/tb004-508.pdf,"Same Sky TB004-508 series,  7 positions connector,  5.08 mm pitch,  Blue,  Vertical mounting,  16.0 A,  300 V,  Through Hole,  Tin plated",Same Sky,TB004-508-07BE,TB004-508,https://www.trustedparts.com/en/search/TB004-508-07BE,Blue,5.08,7,Vertical,16.0,300,Through Hole,Tin
J_TB004-508-08BE,J,TB004-508-08BE,connector_footprints:TB004-508-08BE,https://www.sameskydevices.com/product/resource/tb004-508.pdf,"Same Sky TB004-508 series,  8 positions connector,  5.08 mm pitch,  Blue,  Vertical mounting,  16.0 A,  300 V,  Through Hole,  Tin plated",Same Sky,TB004-508-08BE,TB004-508,https://www.trustedparts.com/en/search/TB004-508-08BE,Blue,5.08,8,Vertical,16.0,300,Through Hole,Tin
J_TB004-508-09BE,J,TB004-508-09BE,connector_footprints:TB004-508-09BE,https://www.sameskydevices.com/product/resource/tb004-508.pdf,"Same Sky TB004-508 series,  9 positions connector,  5.08 mm pitch,  Blue,  Vertical mounting,  16.0 A,  300 V,  Through Hole,  Tin plated",Same Sky,TB004-508-09BE,TB004-508,https://www.trustedparts.com/en/search/TB004-508-09BE,Blue,5.08,9,Vertical,16.0,300,Through Hole,Tin
J_TB004-508-10BE,J,TB004-508-10BE,connector_footprints:TB004-508-10BE,https://www.sameskydevices.com/product/resource/tb004-508.pdf,"Same Sky TB004-508 series,  10 positions connector,  5.08 mm pitch,  Blue,  Vertical mounting,  16.0 A,  300 V,  Through Hole,  Tin plated",Same Sky,TB004-508-10BE,TB004-508,https://www.trustedparts.com/en/search/TB004-508-10BE,Blue,5.08,10,Vertical,16.0,300,Through Hole,Tin
J_TB004-508-11BE,J,TB004-508-11BE,connector_footprints:TB004-508-11BE,https://www.sameskydevices.com/product/resource/tb004-508.pdf,"Same Sky TB004-508 series,  11 positions connector,  5.08 mm pitch,  Blue,  Vertical mounting,  16.0 A,  300 V,  Through Hole,  Tin plated",Same Sky,TB004-508-11BE,TB004-508,https://www.trustedparts.com/en/search/TB004-508-11BE,Blue,5.08,11,Vertical,16.0,300,Through Hole,Tin
J_TB004-508-12BE,J,TB004-508-12BE,connector_footprints:TB004-508-12BE,https://www.sameskydevices.com/product/resource/tb004-508.pdf,"Same Sky TB004-508 series,  12 positions connector,  5.08 mm pitch,  Blue,  Vertical mounting,  16.0 A,  300 V,  Through Hole,  Tin plated",Same Sky,TB004-508-12BE,TB004-508,https://www.trustedparts.com/en/search/TB004-508-12BE,Blue,5.08,12,Vertical,16.0,300,Through Hole,Tin
J_TB004-508-13BE,J,TB004-508-13BE,connector_footprints:TB004-508-13BE,https://www.sameskydevices.com/product/resource/tb004-508.pdf,"Same Sky TB004-508 series,  13 positions connector,  5.08 mm pitch,  Blue,  Vertical mounting,  16.0 A,  300 V,  Through Hole,  Tin plated",Same Sky,TB004-508-13BE,TB004-508,https://www.trustedparts.com/en/search/TB004-508-13BE,Blue,5.08,13,Vertical,16.0,300,Through Hole,Tin
J_TB004-508-14BE,J,TB004-508-14BE,connector_footprints:TB004-508-14BE,https://www.sameskydevices.com/product/resource/tb004-508.pdf,"Same Sky TB004-508 series,  14 positions connector,  5.08 mm pitch,  Blue,  Vertical mounting,  16.0 A,  300 V,  Through Hole,  Tin plated",Same Sky,TB004-508-14BE,TB004-508,https://www.trustedparts.com/en/search/TB004-508-14BE,Blue,5.08,14,Vertical,16.0,300,Through Hole,Tin
J_TB004-508-15BE,J,TB004-508-15BE,connector_footprints:TB004-508-15BE,https://www.sameskydevices.com/product/resource/tb004-508.pdf,"Same Sky TB004-508 series,  15 positions connector,  5.08 mm pitch,  Blue,  Vertical mounting,  16.0 A,  300 V,  Through Hole,  Tin plated",Same Sky,TB004-508-15BE,TB004-508,https://www.trustedparts.com/en/search/TB004-508-15BE,Blue,5.08,15,Vertical,16.0,300,Through Hole,Tin
J_TB004-508-16BE,J,TB004-508-16BE,connector_footprints:TB004-508-16BE,https://www.sameskydevices.com/product/resource/tb004-508.pdf,"Same Sky TB004-508 series,  16 positions connector,  5.08 mm pitch,  Blue,  Vertical mounting,  16.0 A,  300 V,  Through Hole,  Tin plated",Same Sky,TB004-508-16BE,TB004-508,https://www.trustedparts.com/en/search/TB004-508-16BE,Blue,5.08,16,Vertical,16.0,300,Through Hole,Tin
J_TB004-508-17BE,J,TB004-508-17BE,connector_footprints:TB004-508-17BE,https://www.sameskydevices.com/product/resource/tb004-508.pdf,"Same Sky TB004-508 series,  17 positions connector,  5.08 mm pitch,  Blue,  Vertical mounting,  16.0 A,  300 V,  Through Hole,  Tin plated",Same Sky,TB004-508-17BE,TB004-508,https://www.trustedparts.com/en/search/TB004-508-17BE,Blue,5.08,17,Vertical,16.0,300,Through Hole,Tin
J_TB004-508-18BE,J,TB004-508-18BE,connector_footprints:TB004-508-18BE,https://www.sameskydevices.com/product/resource/tb004-508.pdf,"Same Sky TB004-508 series,  18 positions connector,  5.08 mm pitch,  Blue,  Vertical mounting,  16.0 A,  300 V,  Through Hole,  Tin plated",Same Sky,TB004-508-18BE,TB004-508,https://www.trustedparts.com/en/search/TB004-508-18BE,Blue,5.08,18,Vertical,16.0,300,Through Hole,Tin
J_TB004-508-19BE,J,TB004-508-19BE,connector_footprints:TB004-508-19BE,https://www.sameskydevices.com/product/resource/tb004-508.pdf,"Same Sky TB004-508 series,  19 positions connector,  5.08 mm pitch,  Blue,  Vertical mounting,  16.0 A,  300 V,  Through Hole,  Tin plated",Same Sky,TB004-508-19BE,TB004-508,https://www.trustedparts.com/en/search/TB004-508-19BE,Blue,5.08,19,Vertical,16.0,300,Through Hole,Tin
J_TB004-508-20BE,J,TB004-508-20BE,connector_footprints:TB004-508-20BE,https://www.sameskydevices.com/product/resource/tb004-508.pdf,"Same Sky TB004-508 series,  20 positions connector,  5.08 mm pitch,  Blue,  Vertical mounting,  16.0 A,  300 V,  Through Hole,  Tin plated",Same Sky,TB004-508-20BE,TB004-508,https://www.trustedparts.com/en/search/TB004-508-20BE,Blue,5.08,20,Vertical,16.0,300,Through Hole,Tin
J_TB004-508-21BE,J,TB004-508-21BE,connector_footprints:TB004-508-21BE,https://www.sameskydevices.com/product/resource/tb004-508.pdf,"Same Sky TB004-508 series,  21 positions connector,  5.08 mm pitch,  Blue,  Vertical mounting,  16.0 A,  300 V,  Through Hole,  Tin plated",Same Sky,TB004-508-21BE,TB004-508,https://www.trustedparts.com/en/search/TB004-508-21BE,Blue,5.08,21,Vertical,16.0,300,Through Hole,Tin
J_TB004-508-22BE,J,TB004-508-22BE,connector_footprints:TB004-508-22BE,https://www.sameskydevices.com/product/resource/tb004-508.pdf,"Same Sky TB004-508 series,  22 positions connector,  5.08 mm pitch,  Blue,  Vertical mounting,  16.0 A,  300 V,  Through Hole,  Tin plated",Same Sky,TB004-508-22BE,TB004-508,https://www.trustedparts.com/en/search/TB004-508-22BE,Blue,5.08,22,Vertical,16.0,300,Through Hole,Tin
J_TB004-508-23BE,J,TB004-508-23BE,connector_footprints:TB004-508-23BE,https://www.sameskydevices.com/product/resource/tb004-508.pdf,"Same Sky TB004-508 series,  23 positions connector,  5.08 mm pitch,  Blue,  Vertical mounting,  16.0 A,  300 V,  Through Hole,  Tin plated",Same Sky,TB004-508-23BE,TB004-508,https://www.trustedparts.com/en/search/TB004-508-23BE,Blue,5.08,23,Vertical,16.0,300,Through Hole,Tin
J_TB004-508-24BE,J,TB004-508-24BE,connector_footprints:TB004-508-24BE,https://www.sameskydevices.com/product/resource/tb004-508.pdf,"Same Sky TB004-508 series,  24 positions connector,  5.08 mm pitch,  Blue,  Vertical mounting,  16.0 A,  300 V,  Through Hole,  Tin plated",Same Sky,TB004-508-24BE,TB004-508,https://www.trustedparts.com/en/search/TB004-508-24BE,Blue,5.08,24,Vertical,16.0,300,Through Hole,Tin
J_TB006-508-02BE,J,TB006-508-02BE,connector_footprints:TB006-508-02BE,https://www.sameskydevices.com/product/resource/tb006-508.pdf,"Same Sky TB006-508 series,  2 positions connector,  5.08 mm pitch,  Blue,  Vertical mounting,  12.0 A,  300 V,  Through Hole,  Tin plated",Same Sky,TB006-508-02BE,TB006-508,https://www.trustedparts.com/en/search/TB006-508-02BE,Blue,5.08,2,Vertical,12.0,300,Through Hole,Tin
J_TB006-508-03BE,J,TB006-508-03BE,connector_footprints:TB006-508-03BE,https://www.sameskydevices.com/product/resource/tb006-508.pdf,"Same Sky TB006-508 series,  3 positions connector,  5.08 mm pitch,  Blue,  Vertical mounting,  12.0 A,  300 V,  Through Hole,  Tin plated",Same Sky,TB006-508-03BE,TB006-508,https://www.trustedparts.com/en/search/TB006-508-03BE,Blue,5.08,3,Vertical,12.0,300,Through Hole,Tin
J_TB006-508-04BE,J,TB006-508-04BE,connector_footprints:TB006-508-04BE,https://www.sameskydevices.com/product/resource/tb006-508.pdf,"Same Sky TB006-508 series,  4 positions connector,  5.08 mm pitch,  Blue,  Vertical mounting,  12.0 A,  300 V,  Through Hole,  Tin plated",Same Sky,TB006-508-04BE,TB006-508,https://www.trustedparts.com/en/search/TB006-508-04BE,Blue,5.08,4,Vertical,12.0,300,Through Hole,Tin
J_TB006-508-05BE,J,TB006-508-05BE,connector_footprints:TB006-508-05BE,https://www.sameskydevices.com/product/resource/tb006-508.pdf,"Same Sky TB006-508 series,  5 positions connector,  5.08 mm pitch,  Blue,  Vertical mounting,  12.0 A,  300 V,  Through Hole,  Tin plated",Same Sky,TB006-508-05BE,TB006-508,https://www.trustedparts.com/en/search/TB006-508-05BE,Blue,5.08,5,Vertical,12.0,300,Through Hole,Tin
J_TB006-508-06BE,J,TB006-508-06BE,connector_footprints:TB006-508-06BE,https://www.sameskydevices.com/product/resource/tb006-508.pdf,"Same Sky TB006-508 series,  6 positions connector,  5.08 mm pitch,  Blue,  Vertical mounting,  12.0 A,  300 V,  Through Hole,  Tin plated",Same Sky,TB006-508-06BE,TB006-508,https://www.trustedparts.com/en/search/TB006-508-06BE,Blue,5.08,6,Vertical,12.0,300,Through Hole,Tin
J_TB006-508-07BE,J,TB006-508-07BE,connector_footprints:TB006-508-07BE,https://www.sameskydevices.com/product/resource/tb006-508.pdf,"Same Sky TB006-508 series,  7 positions connector,  5.08 mm pitch,  Blue,  Vertical mounting,  12.0 A,  300 V,  Through Hole,  Tin plated",Same Sky,TB006-508-07BE,TB006-508,https://www.trustedparts.com/en/search/TB006-508-07BE,Blue,5.08,7,Vertical,12.0,300,Through Hole,Tin
J_TB006-508-08BE,J,TB006-508-08BE,connector_footprints:TB006-508-08BE,https://www.sameskydevices.com/product/resource/tb006-508.pdf,"Same Sky TB006-508 series,  8 positions connector,  5.08 mm pitch,  Blue,  Vertical mounting,  12.0 A,  300 V,  Through Hole,  Tin plated",Same Sky,TB006-508-08BE,TB006-508,https://www.trustedparts.com/en/search/TB006-508-08BE,Blue,5.08,8,Vertical,12.0,300,Through Hole,Tin
J_TB006-508-09BE,J,TB006-508-09BE,connector_footprints:TB006-508-09BE,https://www.sameskydevices.com/product/resource/tb006-508.pdf,"Same Sky TB006-508 series,  9 positions connector,  5.08 mm pitch,  Blue,  Vertical mounting,  12.0 A,  300 V,  Through Hole,  Tin plated",Same Sky,TB006-508-09BE,TB006-508,https://www.trustedparts.com/en/search/TB006-508-09BE,Blue,5.08,9,Vertical,12.0,300,Through Hole,Tin
J_TB006-508-10BE,J,TB006-508-10BE,connector_footprints:TB006-508-10BE,https://www.sameskydevices.com/product/resource/tb006-508.pdf,"Same Sky TB006-508 series,  10 positions connector,  5.08 mm pitch,  Blue,  Vertical mounting,  12.0 A,  300 V,  Through Hole,  Tin plated",Same Sky,TB006-508-10BE,TB006-508,https://www.trustedparts.com/en/search/TB006-508-10BE,Blue,5.08,10,Vertical,12.0,300,Through Hole,Tin
J_TB006-508-11BE,J,TB006-508-11BE,connector_footprints:TB006-508-11BE,https://www.sameskydevices.com/product/resource/tb006-508.pdf,"Same Sky TB006-508 series,  11 positions connector,  5.08 mm pitch,  Blue,  Vertical mounting,  12.0 A,  300 V,  Through Hole,  Tin plated",Same Sky,TB006-508-11BE,TB006-508,https://www.trustedparts.com/en/search/TB006-508-11BE,Blue,5.08,11,Vertical,12.0,300,Through Hole,Tin
J_TB006-508-12BE,J,TB006-508-12BE,connector_footprints:TB006-508-12BE,https://www.sameskydevices.com/product/resource/tb006-508.pdf,"Same Sky TB006-508 series,  12 positions connector,  5.08 mm pitch,  Blue,  Vertical mounting,  12.0 A,  300 V,  Through Hole,  Tin plated",Same Sky,TB006-508-12BE,TB006-508,https://www.trustedparts.com/en/search/TB006-508-12BE,Blue,5.08,12,Vertical,12.0,300,Through Hole,Tin
J_TB006-508-13BE,J,TB006-508-13BE,connector_footprints:TB006-508-13BE,https://www.sameskydevices.com/product/resource/tb006-508.pdf,"Same Sky TB006-508 series,  13 positions connector,  5.08 mm pitch,  Blue,  Vertical mounting,  12.0 A,  300 V,  Through Hole,  Tin plated",Same Sky,TB006-508-13BE,TB006-508,https://www.trustedparts.com/en/search/TB006-508-13BE,Blue,5.08,13,Vertical,12.0,300,Through Hole,Tin
J_TB006-508-14BE,J,TB006-508-14BE,connector_footprints:TB006-508-14BE,https://www.sameskydevices.com/product/resource/tb006-508.pdf,"Same Sky TB006-508 series,  14 positions connector,  5.08 mm pitch,  Blue,  Vertical mounting,  12.0 A,  300 V,  Through Hole,  Tin plated",Same Sky,TB006-508-14BE,TB006-508,https://www.trustedparts.com/en/search/TB006-508-14BE,Blue,5.08,14,Vertical,12.0,300,Through Hole,Tin
J_TB006-508-15BE,J,TB006-508-15BE,connector_footprints:TB006-508-15BE,https://www.sameskydevices.com/product/resource/tb006-508.pdf,"Same Sky TB006-508 series,  15 positions connector,  5.08 mm pitch,  Blue,  Vertical mounting,  12.0 A,  300 V,  Through Hole,  Tin plated",Same Sky,TB006-508-15BE,TB006-508,https://www.trustedparts.com/en/search/TB006-508-15BE,Blue,5.08,15,Vertical,12.0,300,Through Hole,Tin
J_TB006-508-16BE,J,TB006-508-16BE,connector_footprints:TB006-508-16BE,https://www.sameskydevices.com/product/resource/tb006-508.pdf,"Same Sky TB006-508 series,  16 positions connector,  5.08 mm pitch,  Blue,  Vertical mounting,  12.0 A,  300 V,  Through Hole,  Tin plated",Same Sky,TB006-508-16BE,TB006-508,https://www.trustedparts.com/en/search/TB006-508-16BE,Blue,5.08,16,Vertical,12.0,300,Through Hole,Tin
J_TB006-508-17BE,J,TB006-508-17BE,connector_footprints:TB006-508-17BE,https://www.sameskydevices.com/product/resource/tb006-508.pdf,"Same Sky TB006-508 series,  17 positions connector,  5.08 mm pitch,  Blue,  Vertical mounting,  12.0 A,  300 V,  Through Hole,  Tin plated",Same Sky,TB006-508-17BE,TB006-508,https://www.trustedparts.com/en/search/TB006-508-17BE,Blue,5.08,17,Vertical,12.0,300,Through Hole,Tin
J_TB006-508-18BE,J,TB006-508-18BE,connector_footprints:TB006-508-18BE,https://www.sameskydevices.com/product/resource/tb006-508.pdf,"Same Sky TB006-508 series,  18 positions connector,  5.08 mm pitch,  Blue,  Vertical mounting,  12.0 A,  300 V,  Through Hole,  Tin plated",Same Sky,TB006-508-18BE,TB006-508,https://www.trustedparts.com/en/search/TB006-508-18BE,Blue,5.08,18,Vertical,12.0,300,Through Hole,Tin
J_TB006-508-19BE,J,TB006-508-19BE,connector_footprints:TB006-508-19BE,https://www.sameskydevices.com/product/resource/tb006-508.pdf,"Same Sky TB006-508 series,  19 positions connector,  5.08 mm pitch,  Blue,  Vertical mounting,  12.0 A,  300 V,  Through Hole,  Tin plated",Same Sky,TB006-508-19BE,TB006-508,https://www.trustedparts.com/en/search/TB006-508-19BE,Blue,5.08,19,Vertical,12.0,300,Through Hole,Tin
J_TB006-508-20BE,J,TB006-508-20BE,connector_footprints:TB006-508-20BE,https://www.sameskydevices.com/product/resource/tb006-508.pdf,"Same Sky TB006-508 series,  20 positions connector,  5.08 mm pitch,  Blue,  Vertical mounting,  12.0 A,  300 V,  Through Hole,  Tin plated",Same Sky,TB006-508-20BE,TB006-508,https://www.trustedparts.com/en/search/TB006-508-20BE,Blue,5.08,20,Vertical,12.0,300,Through Hole,Tin
J_TB006-508-21BE,J,TB006-508-21BE,connector_footprints:TB006-508-21BE,https://www.sameskydevices.com/product/resource/tb006-508.pdf,"Same Sky TB006-508 series,  21 positions connector,  5.08 mm pitch,  Blue,  Vertical mounting,  12.0 A,  300 V,  Through Hole,  Tin plated",Same Sky,TB006-508-21BE,TB006-508,https://www.trustedparts.com/en/search/TB006-508-21BE,Blue,5.08,21,Vertical,12.0,300,Through Hole,Tin
J_TB006-508-22BE,J,TB006-508-22BE,connector_footprints:TB006-508-22BE,https://www.sameskydevices.com/product/resource/tb006-508.pdf,"Same Sky TB006-508 series,  22 positions connector,  5.08 mm pitch,  Blue,  Vertical mounting,  12.0 A,  300 V,  Through Hole,  Tin plated",Same Sky,TB006-508-22BE,TB006-508,https://www.trustedparts.com/en/search/TB006-508-22BE,Blue,5.08,22,Vertical,12.0,300,Through Hole,Tin
J_TB006-508-23BE,J,TB006-508-23BE,connector_footprints:TB006-508-23BE,https://www.sameskydevices.com/product/resource/tb006-508.pdf,"Same Sky TB006-508 series,  23 positions connector,  5.08 mm pitch,  Blue,  Vertical mounting,  12.0 A,  300 V,  Through Hole,  Tin plated",Same Sky,TB006-508-23BE,TB006-508,https://www.trustedparts.com/en/search/TB006-508-23BE,Blue,5.08,23,Vertical,12.0,300,Through Hole,Tin
J_TB006-508-24BE,J,TB006-508-24BE,connector_footprints:TB006-508-24BE,https://www.sameskydevices.com/product/resource/tb006-508.pdf,"Same Sky TB006-508 series,  24 positions connector,  5.08 mm pitch,  Blue,  Vertical mounting,  12.0 A,  300 V,  Through Hole,  Tin plated",Same Sky,TB006-508-24BE,TB006-508,https://www.trustedparts.com/en/search/TB006-508-24BE,Blue,5.08,24,Vertical,12.0,300,Through Hole,Tin
J_SLM-101-01-G-S,J,SLM-101-01-G-S,connector_footprints:SLM-101-01-G-S,https://suddendocs.samtec.com/catalog_english/slm_th.pdf?_gl=1*1d4b5ri*_gcl_au*MTM0MTYyNTQ5MS4xNzM2MDk5MTUz*_ga*MTYxNDYyMTQ0Mi4xNzM2MDk5MTUz*_ga_3KFNZC07WW*MTczNjA5OTE1My4xLjEuMTczNjEwMDY3My4zMC4wLjA.,"Samtec SLM-1xx-01-G-S series,  1 positions connector,  1.27 mm pitch,  Black,  Vertical mounting,  5.2 A,  300 V,  Through Hole,  Tin plated",Samtec,SLM-101-01-G-S,SLM-1xx-01-G-S,https://www.trustedparts.com/en/search/SLM-101-01-G-S,Black,1.27,1,Vertical,5.2,300,Through Hole,Tin
J_SLM-102-01-G-S,J,SLM-102-01-G-S,connector_footprints:SLM-102-01-G-S,https://suddendocs.samtec.com/catalog_english/slm_th.pdf?_gl=1*1d4b5ri*_gcl_au*MTM0MTYyNTQ5MS4xNzM2MDk5MTUz*_ga*MTYxNDYyMTQ0Mi4xNzM2MDk5MTUz*_ga_3KFNZC07WW*MTczNjA5OTE1My4xLjEuMTczNjEwMDY3My4zMC4wLjA.,"Samtec SLM-1xx-01-G-S series,  2 positions connector,  1.27 mm pitch,  Black,  Vertical mounting,  5.2 A,  300 V,  Through Hole,  Tin plated",Samtec,SLM-102-01-G-S,SLM-1xx-01-G-S,https://www.trustedparts.com/en/search/SLM-102-01-G-S,Black,1.27,2,Vertical,5.2,300,Through Hole,Tin
J_SLM-103-01-G-S,J,SLM-103-01-G-S,connector_footprints:SLM-103-01-G-S,https://suddendocs.samtec.com/catalog_english/slm_th.pdf?_gl=1*1d4b5ri*_gcl_au*MTM0MTYyNTQ5MS4xNzM2MDk5MTUz*_ga*MTYxNDYyMTQ0Mi4xNzM2MDk5MTUz*_ga_3KFNZC07WW*MTczNjA5OTE1My4xLjEuMTczNjEwMDY3My4zMC4wLjA.,"Samtec SLM-1xx-01-G-S series,  3 positions connector,  1.27 mm pitch,  Black,  Vertical mounting,  5.2 A,  300 V,  Through Hole,  Tin plated",Samtec,SLM-103-01-G-S,SLM-1xx-01-G-S,https://www.trustedparts.com/en/search/SLM-103-01-G-S,Black,1.27,3,Vertical,5.2,300,Through Hole,Tin
J_SLM-104-01-G-S,J,SLM-104-01-G-S,connector_footprints:SLM-104-01-G-S,https://suddendocs.samtec.com/catalog_english/slm_th.pdf?_gl=1*1d4b5ri*_gcl_au*MTM0MTYyNTQ5MS4xNzM2MDk5MTUz*_ga*MTYxNDYyMTQ0Mi4xNzM2MDk5MTUz*_ga_3KFNZC07WW*MTczNjA5OTE1My4xLjEuMTczNjEwMDY3My4zMC4wLjA.,"Samtec SLM-1xx-01-G-S series,  4 positions connector,  1.27 mm pitch,  Black,  Vertical mounting,  5.2 A,  300 V,  Through Hole,  Tin plated",Samtec,SLM-104-01-G-S,SLM-1xx-01-G-S,https://www.trustedparts.com/en/search/SLM-104-01-G-S,Black,1.27,4,Vertical,5.2,300,Through Hole,Tin
J_SLM-105-01-G-S,J,SLM-105-01-G-S,connector_footprints:SLM-105-01-G-S,https://suddendocs.samtec.com/catalog_english/slm_th.pdf?_gl=1*1d4b5ri*_gcl_au*MTM0MTYyNTQ5MS4xNzM2MDk5MTUz*_ga*MTYxNDYyMTQ0Mi4xNzM2MDk5MTUz*_ga_3KFNZC07WW*MTczNjA5OTE1My4xLjEuMTczNjEwMDY3My4zMC4wLjA.,"Samtec SLM-1xx-01-G-S series,  5 positions connector,  1.27 mm pitch,  Black,  Vertical mounting,  5.2 A,  300 V,  Through Hole,  Tin plated",Samtec,SLM-105-01-G-S,SLM-1xx-01-G-S,https://www.trustedparts.com/en/search/SLM-105-01-G-S,Black,1.27,5,Vertical,5.2,300,Through Hole,Tin
J_SLM-106-01-G-S,J,SLM-106-01-G-S,connector_footprints:SLM-106-01-G-S,https://suddendocs.samtec.com/catalog_english/slm_th.pdf?_gl=1*1d4b5ri*_gcl_au*MTM0MTYyNTQ5MS4xNzM2MDk5MTUz*_ga*MTYxNDYyMTQ0Mi4xNzM2MDk5MTUz*_ga_3KFNZC07WW*MTczNjA5OTE1My4xLjEuMTczNjEwMDY3My4zMC4wLjA.,"Samtec SLM-1xx-01-G-S series,  6 positions connector,  1.27 mm pitch,  Black,  Vertical mounting,  5.2 A,  300 V,  Through Hole,  Tin plated",Samtec,SLM-106-01-G-S,SLM-1xx-01-G-S,https://www.trustedparts.com/en/search/SLM-106-01-G-S,Black,1.27,6,Vertical,5.2,300,Through Hole,Tin
J_SLM-107-01-G-S,J,SLM-107-01-G-S,connector_footprints:SLM-107-01-G-S,https://suddendocs.samtec.com/catalog_english/slm_th.pdf?_gl=1*1d4b5ri*_gcl_au*MTM0MTYyNTQ5MS4xNzM2MDk5MTUz*_ga*MTYxNDYyMTQ0Mi4xNzM2MDk5MTUz*_ga_3KFNZC07WW*MTczNjA5OTE1My4xLjEuMTczNjEwMDY3My4zMC4wLjA.,"Samtec SLM-1xx-01-G-S series,  7 positions connector,  1.27 mm pitch,  Black,  Vertical mounting,  5.2 A,  300 V,  Through Hole,  Tin plated",Samtec,SLM-107-01-G-S,SLM-1xx-01-G-S,https://www.trustedparts.com/en/search/SLM-107-01-G-S,Black,1.27,7,Vertical,5.2,300,Through Hole,Tin
J_SLM-108-01-G-S,J,SLM-108-01-G-S,connector_footprints:SLM-108-01-G-S,https://suddendocs.samtec.com/catalog_english/slm_th.pdf?_gl=1*1d4b5ri*_gcl_au*MTM0MTYyNTQ5MS4xNzM2MDk5MTUz*_ga*MTYxNDYyMTQ0Mi4xNzM2MDk5MTUz*_ga_3KFNZC07WW*MTczNjA5OTE1My4xLjEuMTczNjEwMDY3My4zMC4wLjA.,"Samtec SLM-1xx-01-G-S series,  8 positions connector,  1.27 mm pitch,  Black,  Vertical mounting,  5.2 A,  300 V,  Through Hole,  Tin plated",Samtec,SLM-108-01-G-S,SLM-1xx-01-G-S,https://www.trustedparts.com/en/search/SLM-108-01-G-S,Black,1.27,8,Vertical,5.2,300,Through Hole,Tin
J_SLM-109-01-G-S,J,SLM-109-01-G-S,connector_footprints:SLM-109-01-G-S,https://suddendocs.samtec.com/catalog_english/slm_th.pdf?_gl=1*1d4b5ri*_gcl_au*MTM0MTYyNTQ5MS4xNzM2MDk5MTUz*_ga*MTYxNDYyMTQ0Mi4xNzM2MDk5MTUz*_ga_3KFNZC07WW*MTczNjA5OTE1My4xLjEuMTczNjEwMDY3My4zMC4wLjA.,"Samtec SLM-1xx-01-G-S series,  9 positions connector,  1.27 mm pitch,  Black,  Vertical mounting,  5.2 A,  300 V,  Through Hole,  Tin plated",Samtec,SLM-109-01-G-S,SLM-1xx-01-G-S,https://www.trustedparts.com/en/search/SLM-109-01-G-S,Black,1.27,9,Vertical,5.2,300,Through Hole,Tin
J_SLM-110-01-G-S,J,SLM-110-01-G-S,connector_footprints:SLM-110-01-G-S,https://suddendocs.samtec.com/catalog_english/slm_th.pdf?_gl=1*1d4b5ri*_gcl_au*MTM0MTYyNTQ5MS4xNzM2MDk5MTUz*_ga*MTYxNDYyMTQ0Mi4xNzM2MDk5MTUz*_ga_3KFNZC07WW*MTczNjA5OTE1My4xLjEuMTczNjEwMDY3My4zMC4wLjA.,"Samtec SLM-1xx-01-G-S series,  10 positions connector,  1.27 mm pitch,  Black,  Vertical mounting,  5.2 A,  300 V,  Through Hole,  Tin plated",Samtec,SLM-110-01-G-S,SLM-1xx-01-G-S,https://www.trustedparts.com/en/search/SLM-110-01-G-S,Black,1.27,10,Vertical,5.2,300,Through Hole,Tin
J_SLM-111-01-G-S,J,SLM-111-01-G-S,connector_footprints:SLM-111-01-G-S,https://suddendocs.samtec.com/catalog_english/slm_th.pdf?_gl=1*1d4b5ri*_gcl_au*MTM0MTYyNTQ5MS4xNzM2MDk5MTUz*_ga*MTYxNDYyMTQ0Mi4xNzM2MDk5MTUz*_ga_3KFNZC07WW*MTczNjA5OTE1My4xLjEuMTczNjEwMDY3My4zMC4wLjA.,"Samtec SLM-1xx-01-G-S series,  11 positions connector,  1.27 mm pitch,  Black,  Vertical mounting,  5.2 A,  300 V,  Through Hole,  Tin plated",Samtec,SLM-111-01-G-S,SLM-1xx-01-G-S,https://www.trustedparts.com/en/search/SLM-111-01-G-S,Black,1.27,11,Vertical,5.2,300,Through Hole,Tin
J_SLM-112-01-G-S,J,SLM-112-01-G-S,connector_footprints:SLM-112-01-G-S,https://suddendocs.samtec.com/catalog_english/slm_th.pdf?_gl=1*1d4b5ri*_gcl_au*MTM0MTYyNTQ5MS4xNzM2MDk5MTUz*_ga*MTYxNDYyMTQ0Mi4xNzM2MDk5MTUz*_ga_3KFNZC07WW*MTczNjA5OTE1My4xLjEuMTczNjEwMDY3My4zMC4wLjA.,"Samtec SLM-1xx-01-G-S series,  12 positions connector,  1.27 mm pitch,  Black,  Vertical mounting,  5.2 A,  300 V,  Through Hole,  Tin plated",Samtec,SLM-112-01-G-S,SLM-1xx-01-G-S,https://www.trustedparts.com/en/search/SLM-112-01-G-S,Black,1.27,12,Vertical,5.2,300,Through Hole,Tin
J_SLM-113-01-G-S,J,SLM-113-01-G-S,connector_footprints:SLM-113-01-G-S,https://suddendocs.samtec.com/catalog_english/slm_th.pdf?_gl=1*1d4b5ri*_gcl_au*MTM0MTYyNTQ5MS4xNzM2MDk5MTUz*_ga*MTYxNDYyMTQ0Mi4xNzM2MDk5MTUz*_ga_3KFNZC07WW*MTczNjA5OTE1My4xLjEuMTczNjEwMDY3My4zMC4wLjA.,"Samtec SLM-1xx-01-G-S series,  13 positions connector,  1.27 mm pitch,  Black,  Vertical mounting,  5.2 A,  300 V,  Through Hole,  Tin plated",Samtec,SLM-113-01-G-S,SLM-1xx-01-G-S,https://www.trustedparts.com/en/search/SLM-113-01-G-S,Black,1.27,13,Vertical,5.2,300,Through Hole,Tin
J_SLM-114-01-G-S,J,SLM-114-01-G-S,connector_footprints:SLM-114-01-G-S,https://suddendocs.samtec.com/catalog_english/slm_th.pdf?_gl=1*1d4b5ri*_gcl_au*MTM0MTYyNTQ5MS4xNzM2MDk5MTUz*_ga*MTYxNDYyMTQ0Mi4xNzM2MDk5MTUz*_ga_3KFNZC07WW*MTczNjA5OTE1My4xLjEuMTczNjEwMDY3My4zMC4wLjA.,"Samtec SLM-1xx-01-G-S series,  14 positions connector,  1.27 mm pitch,  Black,  Vertical mounting,  5.2 A,  300 V,  Through Hole,  Tin plated",Samtec,SLM-114-01-G-S,SLM-1xx-01-G-S,https://www.trustedparts.com/en/search/SLM-114-01-G-S,Black,1.27,14,Vertical,5.2,300,Through Hole,Tin
J_SLM-115-01-G-S,J,SLM-115-01-G-S,connector_footprints:SLM-115-01-G-S,https://suddendocs.samtec.com/catalog_english/slm_th.pdf?_gl=1*1d4b5ri*_gcl_au*MTM0MTYyNTQ5MS4xNzM2MDk5MTUz*_ga*MTYxNDYyMTQ0Mi4xNzM2MDk5MTUz*_ga_3KFNZC07WW*MTczNjA5OTE1My4xLjEuMTczNjEwMDY3My4zMC4wLjA.,"Samtec SLM-1xx-01-G-S series,  15 positions connector,  1.27 mm pitch,  Black,  Vertical mounting,  5.2 A,  300 V,  Through Hole,  Tin plated",Samtec,SLM-115-01-G-S,SLM-1xx-01-G-S,https://www.trustedparts.com/en/search/SLM-115-01-G-S,Black,1.27,15,Vertical,5.2,300,Through Hole,Tin
J_SLM-116-01-G-S,J,SLM-116-01-G-S,connector_footprints:SLM-116-01-G-S,https://suddendocs.samtec.com/catalog_english/slm_th.pdf?_gl=1*1d4b5ri*_gcl_au*MTM0MTYyNTQ5MS4xNzM2MDk5MTUz*_ga*MTYxNDYyMTQ0Mi4xNzM2MDk5MTUz*_ga_3KFNZC07WW*MTczNjA5OTE1My4xLjEuMTczNjEwMDY3My4zMC4wLjA.,"Samtec SLM-1xx-01-G-S series,  16 positions connector,  1.27 mm pitch,  Black,  Vertical mounting,  5.2 A,  300 V,  Through Hole,  Tin plated",Samtec,SLM-116-01-G-S,SLM-1xx-01-G-S,https://www.trustedparts.com/en/search/SLM-116-01-G-S,Black,1.27,16,Vertical,5.2,300,Through Hole,Tin
J_SLM-117-01-G-S,J,SLM-117-01-G-S,connector_footprints:SLM-117-01-G-S,https://suddendocs.samtec.com/catalog_english/slm_th.pdf?_gl=1*1d4b5ri*_gcl_au*MTM0MTYyNTQ5MS4xNzM2MDk5MTUz*_ga*MTYxNDYyMTQ0Mi4xNzM2MDk5MTUz*_ga_3KFNZC07WW*MTczNjA5OTE1My4xLjEuMTczNjEwMDY3My4zMC4wLjA.,"Samtec SLM-1xx-01-G-S series,  17 positions connector,  1.27 mm pitch,  Black,  Vertical mounting,  5.2 A,  300 V,  Through Hole,  Tin plated",Samtec,SLM-117-01-G-S,SLM-1xx-01-G-S,https://www.trustedparts.com/en/search/SLM-117-01-G-S,Black,1.27,17,Vertical,5.2,300,Through Hole,Tin
J_SLM-118-01-G-S,J,SLM-118-01-G-S,connector_footprints:SLM-118-01-G-S,https://suddendocs.samtec.com/catalog_english/slm_th.pdf?_gl=1*1d4b5ri*_gcl_au*MTM0MTYyNTQ5MS4xNzM2MDk5MTUz*_ga*MTYxNDYyMTQ0Mi4xNzM2MDk5MTUz*_ga_3KFNZC07WW*MTczNjA5OTE1My4xLjEuMTczNjEwMDY3My4zMC4wLjA.,"Samtec SLM-1xx-01-G-S series,  18 positions connector,  1.27 mm pitch,  Black,  Vertical mounting,  5.2 A,  300 V,  Through Hole,  Tin plated",Samtec,SLM-118-01-G-S,SLM-1xx-01-G-S,https://www.trustedparts.com/en/search/SLM-118-01-G-S,Black,1.27,18,Vertical,5.2,300,Through Hole,Tin
J_SLM-119-01-G-S,J,SLM-119-01-G-S,connector_footprints:SLM-119-01-G-S,https://suddendocs.samtec.com/catalog_english/slm_th.pdf?_gl=1*1d4b5ri*_gcl_au*MTM0MTYyNTQ5MS4xNzM2MDk5MTUz*_ga*MTYxNDYyMTQ0Mi4xNzM2MDk5MTUz*_ga_3KFNZC07WW*MTczNjA5OTE1My4xLjEuMTczNjEwMDY3My4zMC4wLjA.,"Samtec SLM-1xx-01-G-S series,  19 positions connector,  1.27 mm pitch,  Black,  Vertical mounting,  5.2 A,  300 V,  Through Hole,  Tin plated",Samtec,SLM-119-01-G-S,SLM-1xx-01-G-S,https://www.trustedparts.com/en/search/SLM-119-01-G-S,Black,1.27,19,Vertical,5.2,300,Through Hole,Tin
J_SLM-120-01-G-S,J,SLM-120-01-G-S,connector_footprints:SLM-120-01-G-S,https://suddendocs.samtec.com/catalog_english/slm_th.pdf?_gl=1*1d4b5ri*_gcl_au*MTM0MTYyNTQ5MS4xNzM2MDk5MTUz*_ga*MTYxNDYyMTQ0Mi4xNzM2MDk5MTUz*_ga_3KFNZC07WW*MTczNjA5OTE1My4xLjEuMTczNjEwMDY3My4zMC4wLjA.,"Samtec SLM-1xx-01-G-S series,  20 positions connector,  1.27 mm pitch,  Black,  Vertical mounting,  5.2 A,  300 V,  Through Hole,  Tin plated",Samtec,SLM-120-01-G-S,SLM-1xx-01-G-S,https://www.trustedparts.com/en/search/SLM-120-01-G-S,Black,1.27,20,Vertical,5.2,300,Through Hole,Tin
J_TMS-101-02-G-S,J,TMS-101-02-G-S,connector_footprints:TMS-101-02-G-S,https://suddendocs.samtec.com/catalog_english/tms_th.pdf?_gl=1*ta0q2w*_gcl_au*MTM0MTYyNTQ5MS4xNzM2MDk5MTUz*_ga*MTYxNDYyMTQ0Mi4xNzM2MDk5MTUz*_ga_3KFNZC07WW*MTczNjE2MDY1Mi40LjEuMTczNjE2MDc4OS41NS4wLjA.,"Samtec TMS-1xx-02-G-S series,  1 positions connector,  1.27 mm pitch,  Black,  Vertical mounting,  5.2 A,  300 V,  Through Hole,  Tin plated",Samtec,TMS-101-02-G-S,TMS-1xx-02-G-S,https://www.trustedparts.com/en/search/TMS-101-02-G-S,Black,1.27,1,Vertical,5.2,300,Through Hole,Tin
J_TMS-102-02-G-S,J,TMS-102-02-G-S,connector_footprints:TMS-102-02-G-S,https://suddendocs.samtec.com/catalog_english/tms_th.pdf?_gl=1*ta0q2w*_gcl_au*MTM0MTYyNTQ5MS4xNzM2MDk5MTUz*_ga*MTYxNDYyMTQ0Mi4xNzM2MDk5MTUz*_ga_3KFNZC07WW*MTczNjE2MDY1Mi40LjEuMTczNjE2MDc4OS41NS4wLjA.,"Samtec TMS-1xx-02-G-S series,  2 positions connector,  1.27 mm pitch,  Black,  Vertical mounting,  5.2 A,  300 V,  Through Hole,  Tin plated",Samtec,TMS-102-02-G-S,TMS-1xx-02-G-S,https://www.trustedparts.com/en/search/TMS-102-02-G-S,Black,1.27,2,Vertical,5.2,300,Through Hole,Tin
J_TMS-103-02-G-S,J,TMS-103-02-G-S,connector_footprints:TMS-103-02-G-S,https://suddendocs.samtec.com/catalog_english/tms_th.pdf?_gl=1*ta0q2w*_gcl_au*MTM0MTYyNTQ5MS4xNzM2MDk5MTUz*_ga*MTYxNDYyMTQ0Mi4xNzM2MDk5MTUz*_ga_3KFNZC07WW*MTczNjE2MDY1Mi40LjEuMTczNjE2MDc4OS41NS4wLjA.,"Samtec TMS-1xx-02-G-S series,  3 positions connector,  1.27 mm pitch,  Black,  Vertical mounting,  5.2 A,  300 V,  Through Hole,  Tin plated",Samtec,TMS-103-02-G-S,TMS-1xx-02-G-S,https://www.trustedparts.com/en/search/TMS-103-02-G-S,Black,1.27,3,Vertical,5.2,300,Through Hole,Tin
J_TMS-104-02-G-S,J,TMS-104-02-G-S,connector_footprints:TMS-104-02-G-S,https://suddendocs.samtec.com/catalog_english/tms_th.pdf?_gl=1*ta0q2w*_gcl_au*MTM0MTYyNTQ5MS4xNzM2MDk5MTUz*_ga*MTYxNDYyMTQ0Mi4xNzM2MDk5MTUz*_ga_3KFNZC07WW*MTczNjE2MDY1Mi40LjEuMTczNjE2MDc4OS41NS4wLjA.,"Samtec TMS-1xx-02-G-S series,  4 positions connector,  1.27 mm pitch,  Black,  Vertical mounting,  5.2 A,  300 V,  Through Hole,  Tin plated",Samtec,TMS-104-02-G-S,TMS-1xx-02-G-S,https://www.trustedparts.com/en/search/TMS-104-02-G-S,Black,1.27,4,Vertical,5.2,300,Through Hole,Tin
J_TMS-105-02-G-S,J,TMS-105-02-G-S,connector_footprints:TMS-105-02-G-S,https://suddendocs.samtec.com/catalog_english/tms_th.pdf?_gl=1*ta0q2w*_gcl_au*MTM0MTYyNTQ5MS4xNzM2MDk5MTUz*_ga*MTYxNDYyMTQ0Mi4xNzM2MDk5MTUz*_ga_3KFNZC07WW*MTczNjE2MDY1Mi40LjEuMTczNjE2MDc4OS41NS4wLjA.,"Samtec TMS-1xx-02-G-S series,  5 positions connector,  1.27 mm pitch,  Black,  Vertical mounting,  5.2 A,  300 V,  Through Hole,  Tin plated",Samtec,TMS-105-02-G-S,TMS-1xx-02-G-S,https://www.trustedparts.com/en/search/TMS-105-02-G-S,Black,1.27,5,Vertical,5.2,300,Through Hole,Tin
J_TMS-106-02-G-S,J,TMS-106-02-G-S,connector_footprints:TMS-106-02-G-S,https://suddendocs.samtec.com/catalog_english/tms_th.pdf?_gl=1*ta0q2w*_gcl_au*MTM0MTYyNTQ5MS4xNzM2MDk5MTUz*_ga*MTYxNDYyMTQ0Mi4xNzM2MDk5MTUz*_ga_3KFNZC07WW*MTczNjE2MDY1Mi40LjEuMTczNjE2MDc4OS41NS4wLjA.,"Samtec TMS-1xx-02-G-S series,  6 positions connector,  1.27 mm pitch,  Black,  Vertical mounting,  5.2 A,  300 V,  Through Hole,  Tin plated",Samtec,TMS-106-02-G-S,TMS-1xx-02-G-S,https://www.trustedparts.com/en/search/TMS-106-02-G-S,Black,1.27,6,Vertical,5.2,300,Through Hole,Tin
J_TMS-107-02-G-S,J,TMS-107-02-G-S,connector_footprints:TMS-107-02-G-S,https://suddendocs.samtec.com/catalog_english/tms_th.pdf?_gl=1*ta0q2w*_gcl_au*MTM0MTYyNTQ5MS4xNzM2MDk5MTUz*_ga*MTYxNDYyMTQ0Mi4xNzM2MDk5MTUz*_ga_3KFNZC07WW*MTczNjE2MDY1Mi40LjEuMTczNjE2MDc4OS41NS4wLjA.,"Samtec TMS-1xx-02-G-S series,  7 positions connector,  1.27 mm pitch,  Black,  Vertical mounting,  5.2 A,  300 V,  Through Hole,  Tin plated",Samtec,TMS-107-02-G-S,TMS-1xx-02-G-S,https://www.trustedparts.com/en/search/TMS-107-02-G-S,Black,1.27,7,Vertical,5.2,300,Through Hole,Tin
J_TMS-108-02-G-S,J,TMS-108-02-G-S,connector_footprints:TMS-108-02-G-S,https://suddendocs.samtec.com/catalog_english/tms_th.pdf?_gl=1*ta0q2w*_gcl_au*MTM0MTYyNTQ5MS4xNzM2MDk5MTUz*_ga*MTYxNDYyMTQ0Mi4xNzM2MDk5MTUz*_ga_3KFNZC07WW*MTczNjE2MDY1Mi40LjEuMTczNjE2MDc4OS41NS4wLjA.,"Samtec TMS-1xx-02-G-S series,  8 positions connector,  1.27 mm pitch,  Black,  Vertical mounting,  5.2 A,  300 V,  Through Hole,  Tin plated",Samtec,TMS-108-02-G-S,TMS-1xx-02-G-S,https://www.trustedparts.com/en/search/TMS-108-02-G-S,Black,1.27,8,Vertical,5.2,300,Through Hole,Tin
J_TMS-109-02-G-S,J,TMS-109-02-G-S,connector_footprints:TMS-109-02-G-S,https://suddendocs.samtec.com/catalog_english/tms_th.pdf?_gl=1*ta0q2w*_gcl_au*MTM0MTYyNTQ5MS4xNzM2MDk5MTUz*_ga*MTYxNDYyMTQ0Mi4xNzM2MDk5MTUz*_ga_3KFNZC07WW*MTczNjE2MDY1Mi40LjEuMTczNjE2MDc4OS41NS4wLjA.,"Samtec TMS-1xx-02-G-S series,  9 positions connector,  1.27 mm pitch,  Black,  Vertical mounting,  5.2 A,  300 V,  Through Hole,  Tin plated",Samtec,TMS-109-02-G-S,TMS-1xx-02-G-S,https://www.trustedparts.com/en/search/TMS-109-02-G-S,Black,1.27,9,Vertical,5.2,300,Through Hole,Tin
J_TMS-110-02-G-S,J,TMS-110-02-G-S,connector_footprints:TMS-110-02-G-S,https://suddendocs.samtec.com/catalog_english/tms_th.pdf?_gl=1*ta0q2w*_gcl_au*MTM0MTYyNTQ5MS4xNzM2MDk5MTUz*_ga*MTYxNDYyMTQ0Mi4xNzM2MDk5MTUz*_ga_3KFNZC07WW*MTczNjE2MDY1Mi40LjEuMTczNjE2MDc4OS41NS4wLjA.,"Samtec TMS-1xx-02-G-S series,  10 positions connector,  1.27 mm pitch,  Black,  Vertical mounting,  5.2 A,  300 V,  Through Hole,  Tin plated",Samtec,TMS-110-02-G-S,TMS-1xx-02-G-S,https://www.trustedparts.com/en/search/TMS-110-02-G-S,Black,1.27,10,Vertical,5.2,300,Through Hole,Tin
